system:index,date,rainfall_max,rainfall_mean,rainfall_min,temperature_max,temperature_mean,temperature_min,.geo
0,1981-01,1033.253405,180.307896,0,299.610263,295.3636362,285.9038486,"{""type"":""MultiPoint"",""coordinates"":[]}"
1,1981-02,316.1371748,60.71176191,0,299.9257883,296.4378466,288.364509,"{""type"":""MultiPoint"",""coordinates"":[]}"
2,1981-03,320.7293243,63.50707721,0,301.4025617,297.6006901,289.3264607,"{""type"":""MultiPoint"",""coordinates"":[]}"
3,1981-04,283.0231514,79.54464902,0,302.8507316,299.0260669,291.0053405,"{""type"":""MultiPoint"",""coordinates"":[]}"
4,1981-05,1005.892987,207.8690026,12.30745506,302.568179,299.0883945,290.9541601,"{""type"":""MultiPoint"",""coordinates"":[]}"
5,1981-06,1014.761049,328.552708,66.56023693,301.624838,298.3964925,291.0319181,"{""type"":""MultiPoint"",""coordinates"":[]}"
6,1981-07,771.4989662,272.0927905,48.45613182,300.5491879,297.9612937,290.6185186,"{""type"":""MultiPoint"",""coordinates"":[]}"
7,1981-08,736.9355128,206.2818548,36.92215443,301.7172096,298.3492052,290.8691386,"{""type"":""MultiPoint"",""coordinates"":[]}"
8,1981-09,705.843888,260.7368378,69.737643,300.8138169,298.1402146,290.688901,"{""type"":""MultiPoint"",""coordinates"":[]}"
9,1981-10,849.9217243,246.4189473,28.52559119,300.6059714,297.7020533,290.1162279,"{""type"":""MultiPoint"",""coordinates"":[]}"
10,1981-11,1204.610361,338.174571,0,300.4159961,297.3089807,289.4789465,"{""type"":""MultiPoint"",""coordinates"":[]}"
11,1981-12,697.2832568,204.5191746,0,299.9804266,296.1240809,287.2916954,"{""type"":""MultiPoint"",""coordinates"":[]}"
12,1982-01,786.0496893,122.6355803,0,299.7829615,295.5616422,286.1481302,"{""type"":""MultiPoint"",""coordinates"":[]}"
13,1982-02,685.1539135,130.4233892,0,299.5582326,296.1760871,287.9620993,"{""type"":""MultiPoint"",""coordinates"":[]}"
14,1982-03,651.2838755,148.8370924,0,300.6521895,297.3166423,289.287677,"{""type"":""MultiPoint"",""coordinates"":[]}"
15,1982-04,556.4895744,100.6070607,0,301.7003447,298.162066,290.1401776,"{""type"":""MultiPoint"",""coordinates"":[]}"
16,1982-05,449.9742966,153.1756408,29.12968159,302.4549998,298.65653,290.8631242,"{""type"":""MultiPoint"",""coordinates"":[]}"
17,1982-06,960.4994907,258.1605122,35.24618292,301.4021251,298.3578416,290.7780149,"{""type"":""MultiPoint"",""coordinates"":[]}"
18,1982-07,1057.298171,314.1307732,18.8385973,300.694779,297.7740748,290.1078675,"{""type"":""MultiPoint"",""coordinates"":[]}"
19,1982-08,944.6416116,343.8437086,54.63018417,300.4717086,297.6857207,290.0801648,"{""type"":""MultiPoint"",""coordinates"":[]}"
20,1982-09,675.9488955,217.6009223,18.21965218,300.9469221,297.7363684,290.3453677,"{""type"":""MultiPoint"",""coordinates"":[]}"
21,1982-10,677.6535873,196.4960101,30.76251483,300.2088444,297.2778456,289.6253221,"{""type"":""MultiPoint"",""coordinates"":[]}"
22,1982-11,846.9334011,154.6437082,1.786627293,300.3909349,297.2787191,289.0474263,"{""type"":""MultiPoint"",""coordinates"":[]}"
23,1982-12,803.2255001,170.5161054,0,300.4734562,297.0041179,288.7937609,"{""type"":""MultiPoint"",""coordinates"":[]}"
24,1983-01,293.3616791,52.6615054,0,300.4960839,296.5284982,287.8696164,"{""type"":""MultiPoint"",""coordinates"":[]}"
25,1983-02,207.3201466,22.4478335,0,301.0087179,296.8637813,288.4112448,"{""type"":""MultiPoint"",""coordinates"":[]}"
26,1983-03,370.0370789,44.84866259,0,302.3329399,297.946145,289.4235029,"{""type"":""MultiPoint"",""coordinates"":[]}"
27,1983-04,106.2776184,19.86281144,0,303.4851708,299.1906546,290.7752288,"{""type"":""MultiPoint"",""coordinates"":[]}"
28,1983-05,385.5212364,71.65563268,0,303.2857505,299.7047255,291.2595304,"{""type"":""MultiPoint"",""coordinates"":[]}"
29,1983-06,844.9010029,215.0030511,12.3064785,304.2205859,299.1153778,291.3814475,"{""type"":""MultiPoint"",""coordinates"":[]}"
30,1983-07,1122.958544,400.4772289,29.66104257,302.5438023,298.2221783,290.555101,"{""type"":""MultiPoint"",""coordinates"":[]}"
31,1983-08,1055.316603,277.3058864,60.8592701,301.1704347,298.1960572,290.8817922,"{""type"":""MultiPoint"",""coordinates"":[]}"
32,1983-09,714.9441884,274.7600064,96.58019447,301.2453598,298.174738,290.8021523,"{""type"":""MultiPoint"",""coordinates"":[]}"
33,1983-10,800.3121929,269.6577576,38.53007692,300.8309158,297.8318662,290.3246863,"{""type"":""MultiPoint"",""coordinates"":[]}"
34,1983-11,613.7288074,257.3013379,0,300.4814784,296.9669187,288.6017773,"{""type"":""MultiPoint"",""coordinates"":[]}"
35,1983-12,1011.712893,235.7420321,0,299.7071299,295.9802595,287.1190003,"{""type"":""MultiPoint"",""coordinates"":[]}"
36,1984-01,1023.199872,241.5573503,0,299.5107228,296.0635238,287.6869005,"{""type"":""MultiPoint"",""coordinates"":[]}"
37,1984-02,852.4345589,167.2576121,0,300.0078452,296.409008,288.2066739,"{""type"":""MultiPoint"",""coordinates"":[]}"
38,1984-03,696.0488014,180.9779509,0,301.0811664,297.4048498,289.4546281,"{""type"":""MultiPoint"",""coordinates"":[]}"
39,1984-04,394.4428778,125.0293924,11.98472881,302.1860803,298.3038349,290.6856707,"{""type"":""MultiPoint"",""coordinates"":[]}"
40,1984-05,585.3464563,194.8866528,41.26226616,301.1157232,298.3278841,290.5241521,"{""type"":""MultiPoint"",""coordinates"":[]}"
41,1984-06,1483.718685,418.7254838,29.28030539,301.1142182,298.0781006,290.6702404,"{""type"":""MultiPoint"",""coordinates"":[]}"
42,1984-07,617.0897317,241.7855564,61.00512743,300.6527905,297.8962474,290.4428454,"{""type"":""MultiPoint"",""coordinates"":[]}"
43,1984-08,1020.645164,347.636776,68.39399958,301.1489557,297.809995,290.3741347,"{""type"":""MultiPoint"",""coordinates"":[]}"
44,1984-09,860.936142,229.9481864,61.86055231,300.2955017,297.6192208,290.2036153,"{""type"":""MultiPoint"",""coordinates"":[]}"
45,1984-10,963.9208016,373.4919835,38.26337862,300.0837701,297.2200042,289.7682354,"{""type"":""MultiPoint"",""coordinates"":[]}"
46,1984-11,1100.133812,259.6694656,1.36952278,300.4748093,297.1949722,288.9624856,"{""type"":""MultiPoint"",""coordinates"":[]}"
47,1984-12,760.015564,163.348261,0,299.9687103,296.4572462,287.9345543,"{""type"":""MultiPoint"",""coordinates"":[]}"
48,1985-01,635.4078274,115.0683086,0,299.6833632,295.8309567,287.0624427,"{""type"":""MultiPoint"",""coordinates"":[]}"
49,1985-02,463.8699455,95.39973514,0,300.7869009,297.2432868,289.4192338,"{""type"":""MultiPoint"",""coordinates"":[]}"
50,1985-03,362.2399368,88.40057558,0,301.6293462,297.7969913,289.5075541,"{""type"":""MultiPoint"",""coordinates"":[]}"
51,1985-04,871.6330242,192.1348285,5.179947853,301.8335657,298.1860417,290.4049416,"{""type"":""MultiPoint"",""coordinates"":[]}"
52,1985-05,538.7569551,160.2685815,19.42109585,302.1856215,298.5929368,290.7719449,"{""type"":""MultiPoint"",""coordinates"":[]}"
53,1985-06,1421.229336,378.8001929,47.82490826,301.364966,298.2954722,290.786529,"{""type"":""MultiPoint"",""coordinates"":[]}"
54,1985-07,731.0250435,274.9736531,17.34687889,300.5113194,297.5541787,289.9596036,"{""type"":""MultiPoint"",""coordinates"":[]}"
55,1985-08,809.9124675,240.3304481,24.87373877,301.0925542,297.9827287,290.2482975,"{""type"":""MultiPoint"",""coordinates"":[]}"
56,1985-09,966.9739799,338.4376748,110.2137302,300.0375333,297.4779883,290.114386,"{""type"":""MultiPoint"",""coordinates"":[]}"
57,1985-10,809.837698,346.3943723,67.52187324,300.2287711,297.4575619,289.9217,"{""type"":""MultiPoint"",""coordinates"":[]}"
58,1985-11,1226.283356,228.712338,0,300.2667758,297.2767235,289.2367085,"{""type"":""MultiPoint"",""coordinates"":[]}"
59,1985-12,790.4531906,194.6573624,0,299.7577798,296.2539112,287.5436816,"{""type"":""MultiPoint"",""coordinates"":[]}"
60,1986-01,1040.874639,197.6011594,0,299.6714823,295.6103615,286.5644595,"{""type"":""MultiPoint"",""coordinates"":[]}"
61,1986-02,478.391367,100.054948,0,299.7187883,295.7522809,286.9910894,"{""type"":""MultiPoint"",""coordinates"":[]}"
62,1986-03,833.1837416,155.5226431,0,300.7734374,296.9202222,288.5598799,"{""type"":""MultiPoint"",""coordinates"":[]}"
63,1986-04,793.402277,111.8752221,0,302.0509491,298.3152413,290.3465573,"{""type"":""MultiPoint"",""coordinates"":[]}"
64,1986-05,885.8769021,208.6470238,27.54700232,301.747542,298.8857371,291.0650928,"{""type"":""MultiPoint"",""coordinates"":[]}"
65,1986-06,773.8173113,210.0750204,42.72513604,301.2279266,298.3850414,290.7862463,"{""type"":""MultiPoint"",""coordinates"":[]}"
66,1986-07,913.51827,346.4766977,89.64322233,300.6556838,298.0295337,290.4158064,"{""type"":""MultiPoint"",""coordinates"":[]}"
67,1986-08,1295.090696,376.3984316,24.33066702,301.0068373,298.0715219,290.7266242,"{""type"":""MultiPoint"",""coordinates"":[]}"
68,1986-09,692.0345879,303.3079326,80.50071621,300.1401294,297.6631568,290.2446081,"{""type"":""MultiPoint"",""coordinates"":[]}"
69,1986-10,1048.202906,353.4192215,52.97961831,300.4436835,297.6155661,289.8699767,"{""type"":""MultiPoint"",""coordinates"":[]}"
70,1986-11,1197.852884,353.9901352,3.130399466,300.2208403,297.3074037,289.7464968,"{""type"":""MultiPoint"",""coordinates"":[]}"
71,1986-12,587.0422211,102.1725842,0,300.3211945,296.3143769,287.7306734,"{""type"":""MultiPoint"",""coordinates"":[]}"
72,1987-01,433.5485063,79.56498209,0,300.0421588,295.8975859,287.0094728,"{""type"":""MultiPoint"",""coordinates"":[]}"
73,1987-02,627.218544,86.71884731,0,300.3494357,296.0253206,287.284163,"{""type"":""MultiPoint"",""coordinates"":[]}"
74,1987-03,250.7297363,55.13364686,0,301.7263088,297.6670121,289.8037959,"{""type"":""MultiPoint"",""coordinates"":[]}"
75,1987-04,202.1920691,40.04228409,0,303.2084852,299.0941339,290.7481201,"{""type"":""MultiPoint"",""coordinates"":[]}"
76,1987-05,405.647747,96.75881546,0,302.9202437,299.520542,291.102916,"{""type"":""MultiPoint"",""coordinates"":[]}"
77,1987-06,595.7239799,197.5792015,41.65901995,301.9688638,298.9607924,291.3606038,"{""type"":""MultiPoint"",""coordinates"":[]}"
78,1987-07,856.3751717,260.6332573,52.07914591,301.4405257,298.1934738,290.5792947,"{""type"":""MultiPoint"",""coordinates"":[]}"
79,1987-08,857.6754436,272.827656,15.63508749,301.0411211,298.1893766,290.6655383,"{""type"":""MultiPoint"",""coordinates"":[]}"
80,1987-09,818.3258829,225.1862942,32.72467065,301.1362012,298.2044425,290.951403,"{""type"":""MultiPoint"",""coordinates"":[]}"
81,1987-10,673.8125076,232.7218829,32.75306273,301.0047494,298.2167979,290.5589827,"{""type"":""MultiPoint"",""coordinates"":[]}"
82,1987-11,940.5054998,272.9200582,0,301.0850151,297.8806477,290.0468424,"{""type"":""MultiPoint"",""coordinates"":[]}"
83,1987-12,1051.46991,195.5837121,0,301.0306046,297.1310033,288.4168823,"{""type"":""MultiPoint"",""coordinates"":[]}"
84,1988-01,826.8449898,94.99418114,0,301.5451011,297.4860058,288.9498443,"{""type"":""MultiPoint"",""coordinates"":[]}"
85,1988-02,429.7934871,96.51339298,0,301.5941452,297.3762646,288.8806765,"{""type"":""MultiPoint"",""coordinates"":[]}"
86,1988-03,492.5407057,87.90708835,0,302.3508122,298.4939279,290.3017242,"{""type"":""MultiPoint"",""coordinates"":[]}"
87,1988-04,448.4560471,138.9799207,0,302.4173582,298.8318861,290.6369247,"{""type"":""MultiPoint"",""coordinates"":[]}"
88,1988-05,590.6378374,180.7360582,28.73216152,302.8372904,299.4330732,291.8048355,"{""type"":""MultiPoint"",""coordinates"":[]}"
89,1988-06,787.0412712,256.3947177,21.0058558,301.380708,298.4243177,290.8962977,"{""type"":""MultiPoint"",""coordinates"":[]}"
90,1988-07,847.3647747,298.8684371,86.66966486,301.2975722,298.3420332,290.7284253,"{""type"":""MultiPoint"",""coordinates"":[]}"
91,1988-08,709.9518652,243.2950847,26.6572504,301.2466993,298.4517334,290.9533683,"{""type"":""MultiPoint"",""coordinates"":[]}"
92,1988-09,736.3085032,259.3658574,83.68462086,301.0623766,298.3816446,290.8475789,"{""type"":""MultiPoint"",""coordinates"":[]}"
93,1988-10,1132.053565,481.3095928,114.1232256,300.7132778,297.7782245,290.6614333,"{""type"":""MultiPoint"",""coordinates"":[]}"
94,1988-11,1036.436049,325.3218159,10.8185699,300.1137106,297.062205,288.9967619,"{""type"":""MultiPoint"",""coordinates"":[]}"
95,1988-12,801.1956186,221.2862598,0,299.8790778,295.8267561,286.8537711,"{""type"":""MultiPoint"",""coordinates"":[]}"
96,1989-01,958.2440157,176.3872393,0,300.5188011,296.5833281,287.9324252,"{""type"":""MultiPoint"",""coordinates"":[]}"
97,1989-02,737.6462765,156.6653666,0,300.1160722,296.2602129,287.8649649,"{""type"":""MultiPoint"",""coordinates"":[]}"
98,1989-03,781.8208218,199.4485109,0,300.2142972,296.7984775,288.5876066,"{""type"":""MultiPoint"",""coordinates"":[]}"
99,1989-04,758.4414053,145.0682816,0,302.5183083,298.3189101,290.6157367,"{""type"":""MultiPoint"",""coordinates"":[]}"
100,1989-05,676.720293,248.0125432,43.54889417,301.6317604,298.5124096,290.9642983,"{""type"":""MultiPoint"",""coordinates"":[]}"
101,1989-06,738.6328707,266.7928801,17.99529457,301.4231204,298.1183049,290.4431888,"{""type"":""MultiPoint"",""coordinates"":[]}"
102,1989-07,987.1148033,298.8909173,65.70484924,301.1569066,298.1916765,290.6066556,"{""type"":""MultiPoint"",""coordinates"":[]}"
103,1989-08,1162.18136,347.1189862,67.99099612,300.7588645,298.0492655,290.5791219,"{""type"":""MultiPoint"",""coordinates"":[]}"
104,1989-09,1056.84738,307.5687511,56.22545052,300.7869058,297.9730403,290.5332708,"{""type"":""MultiPoint"",""coordinates"":[]}"
105,1989-10,533.7220926,258.3010427,93.83985996,300.4629676,297.7618679,290.2487302,"{""type"":""MultiPoint"",""coordinates"":[]}"
106,1989-11,578.1351757,191.0848137,0,300.6970801,297.1424789,288.7146881,"{""type"":""MultiPoint"",""coordinates"":[]}"
107,1989-12,492.558025,98.24334759,0,300.5274358,296.2081893,287.2206088,"{""type"":""MultiPoint"",""coordinates"":[]}"
108,1990-01,530.9339371,96.42996421,0,300.3683971,296.4021604,287.7376611,"{""type"":""MultiPoint"",""coordinates"":[]}"
109,1990-02,231.8854904,41.1103923,0,301.5733589,297.1399632,288.6026005,"{""type"":""MultiPoint"",""coordinates"":[]}"
110,1990-03,482.755825,74.7076232,0,302.1296053,297.6282992,289.3053472,"{""type"":""MultiPoint"",""coordinates"":[]}"
111,1990-04,444.9783449,79.3568347,0,302.9980001,299.2639125,291.0039463,"{""type"":""MultiPoint"",""coordinates"":[]}"
112,1990-05,604.969202,257.3236956,62.21356034,302.2885446,299.0478373,291.3873428,"{""type"":""MultiPoint"",""coordinates"":[]}"
113,1990-06,1000.358209,382.6619409,101.091924,301.1056713,298.3916004,291.0962881,"{""type"":""MultiPoint"",""coordinates"":[]}"
114,1990-07,897.7333527,307.6303144,40.89224815,300.9760748,298.1217946,290.6689696,"{""type"":""MultiPoint"",""coordinates"":[]}"
115,1990-08,1356.983745,361.123977,42.1499393,301.0975305,298.3793599,290.8560912,"{""type"":""MultiPoint"",""coordinates"":[]}"
116,1990-09,824.3170366,303.3758739,88.80979061,300.7605998,298.0461922,290.5517701,"{""type"":""MultiPoint"",""coordinates"":[]}"
117,1990-10,937.9680023,238.3705257,25.20080709,300.5992523,297.7033506,290.0415773,"{""type"":""MultiPoint"",""coordinates"":[]}"
118,1990-11,802.9090033,299.7179929,0,300.3186736,297.2628054,289.4832678,"{""type"":""MultiPoint"",""coordinates"":[]}"
119,1990-12,625.992157,113.5189328,0,300.6572329,296.6466319,288.1361292,"{""type"":""MultiPoint"",""coordinates"":[]}"
120,1991-01,483.908432,91.25350611,0,300.3613736,296.469722,287.887074,"{""type"":""MultiPoint"",""coordinates"":[]}"
121,1991-02,417.4829893,82.58617465,0,300.7897281,296.6683252,288.0306774,"{""type"":""MultiPoint"",""coordinates"":[]}"
122,1991-03,388.3455353,97.73374937,0,301.6638744,297.4020316,289.0215851,"{""type"":""MultiPoint"",""coordinates"":[]}"
123,1991-04,371.4083138,82.42861979,0,302.3861182,298.5429547,290.5460439,"{""type"":""MultiPoint"",""coordinates"":[]}"
124,1991-05,570.4588432,170.6584556,0,303.0811024,299.0707171,291.2930847,"{""type"":""MultiPoint"",""coordinates"":[]}"
125,1991-06,684.9551468,212.7410617,16.24288332,303.9900925,299.0641495,291.2203876,"{""type"":""MultiPoint"",""coordinates"":[]}"
126,1991-07,905.6881495,346.5038625,69.06712508,301.91851,298.3360771,290.5888362,"{""type"":""MultiPoint"",""coordinates"":[]}"
127,1991-08,1338.635308,361.7357221,19.85851169,301.0397908,298.1135833,290.7440919,"{""type"":""MultiPoint"",""coordinates"":[]}"
128,1991-09,978.5721283,214.9440919,26.27826881,301.3780106,298.0909745,290.5942921,"{""type"":""MultiPoint"",""coordinates"":[]}"
129,1991-10,715.2101555,246.3500872,41.71678257,300.7752671,297.5625597,290.0108181,"{""type"":""MultiPoint"",""coordinates"":[]}"
130,1991-11,749.0004959,186.9579709,0,300.7797124,297.0098988,288.6796826,"{""type"":""MultiPoint"",""coordinates"":[]}"
131,1991-12,508.3418579,81.42140957,0,300.9795398,296.4614113,287.4916208,"{""type"":""MultiPoint"",""coordinates"":[]}"
132,1992-01,289.2324495,58.49343895,0,301.1944205,296.1444995,286.9387581,"{""type"":""MultiPoint"",""coordinates"":[]}"
133,1992-02,169.943615,37.22482025,0,301.5770475,296.6995546,288.0214227,"{""type"":""MultiPoint"",""coordinates"":[]}"
134,1992-03,165.1408997,40.04282343,0,302.6579467,297.884988,289.090535,"{""type"":""MultiPoint"",""coordinates"":[]}"
135,1992-04,189.5024977,52.267856,0,302.9460782,299.1161021,290.5770379,"{""type"":""MultiPoint"",""coordinates"":[]}"
136,1992-05,522.5954342,146.8235612,10.32472467,302.4331123,299.2192471,290.8582923,"{""type"":""MultiPoint"",""coordinates"":[]}"
137,1992-06,568.6251135,216.2512811,44.57511258,302.0275957,298.7895529,291.2097572,"{""type"":""MultiPoint"",""coordinates"":[]}"
138,1992-07,845.837791,290.8338314,48.52397108,300.6727063,297.914137,290.299284,"{""type"":""MultiPoint"",""coordinates"":[]}"
139,1992-08,1359.91818,331.8915997,48.18934774,301.2134977,298.1995685,290.6979068,"{""type"":""MultiPoint"",""coordinates"":[]}"
140,1992-09,1208.62363,316.2425548,42.90909719,301.4858334,298.1132766,290.5452789,"{""type"":""MultiPoint"",""coordinates"":[]}"
141,1992-10,618.9646294,283.0724126,48.12455034,300.8042428,297.4775356,289.8339046,"{""type"":""MultiPoint"",""coordinates"":[]}"
142,1992-11,660.2958145,152.620386,0,299.9974443,296.6241266,288.186675,"{""type"":""MultiPoint"",""coordinates"":[]}"
143,1992-12,831.1165514,149.0157371,0,299.9532779,296.5774051,288.2235626,"{""type"":""MultiPoint"",""coordinates"":[]}"
144,1993-01,608.7370806,82.53180545,0,300.3027519,296.1447785,286.8656325,"{""type"":""MultiPoint"",""coordinates"":[]}"
145,1993-02,741.301899,120.1635103,0,300.3357325,296.2958674,287.3945036,"{""type"":""MultiPoint"",""coordinates"":[]}"
146,1993-03,414.9426851,100.4070755,0,300.6041604,296.9714869,289.0205803,"{""type"":""MultiPoint"",""coordinates"":[]}"
147,1993-04,575.6810622,100.8747783,0,302.1673603,298.3791683,290.5237188,"{""type"":""MultiPoint"",""coordinates"":[]}"
148,1993-05,341.7348957,96.14346964,0,303.4561384,299.4285931,291.4176902,"{""type"":""MultiPoint"",""coordinates"":[]}"
149,1993-06,625.0326319,191.4455202,18.6650598,302.6613671,298.9199924,291.1133392,"{""type"":""MultiPoint"",""coordinates"":[]}"
150,1993-07,911.3113613,319.9822913,24.40946913,301.5629682,298.2136701,290.5645407,"{""type"":""MultiPoint"",""coordinates"":[]}"
151,1993-08,1185.985023,332.602475,40.38267493,300.8067439,297.8817348,290.2329794,"{""type"":""MultiPoint"",""coordinates"":[]}"
152,1993-09,760.6032972,268.8542557,25.42006922,300.432183,297.7491934,290.3344264,"{""type"":""MultiPoint"",""coordinates"":[]}"
153,1993-10,1026.202342,333.7889674,83.45582557,300.752763,297.5653515,289.8568903,"{""type"":""MultiPoint"",""coordinates"":[]}"
154,1993-11,925.407855,276.8558196,11.55513191,300.5738625,297.5854042,289.4007777,"{""type"":""MultiPoint"",""coordinates"":[]}"
155,1993-12,1067.728104,344.618695,2.80E-07,300.1700534,296.8000612,288.3666208,"{""type"":""MultiPoint"",""coordinates"":[]}"
156,1994-01,665.3411636,136.4118927,0,299.9826278,296.4218737,287.9027807,"{""type"":""MultiPoint"",""coordinates"":[]}"
157,1994-02,330.9471369,77.92762746,0,300.3641022,296.8835694,288.7039517,"{""type"":""MultiPoint"",""coordinates"":[]}"
158,1994-03,703.0040545,161.306922,0,301.3166415,297.5075876,289.1089461,"{""type"":""MultiPoint"",""coordinates"":[]}"
159,1994-04,772.6593685,183.6533496,0,302.48065,298.6164204,290.8428272,"{""type"":""MultiPoint"",""coordinates"":[]}"
160,1994-05,572.7302666,212.6162063,49.36280346,301.6297903,298.7195155,291.3052434,"{""type"":""MultiPoint"",""coordinates"":[]}"
161,1994-06,959.426898,277.1184186,22.77568829,301.804864,298.1961553,290.6646297,"{""type"":""MultiPoint"",""coordinates"":[]}"
162,1994-07,1444.377138,431.1325372,29.74830699,300.9119643,297.896197,290.4875429,"{""type"":""MultiPoint"",""coordinates"":[]}"
163,1994-08,827.615592,275.1935425,53.812446,301.0658612,298.1185956,290.2896778,"{""type"":""MultiPoint"",""coordinates"":[]}"
164,1994-09,858.390007,288.5189237,67.06281376,300.5230599,297.5859584,290.3125863,"{""type"":""MultiPoint"",""coordinates"":[]}"
165,1994-10,515.7589068,138.1992632,12.79202533,301.1425109,297.5711368,289.3932276,"{""type"":""MultiPoint"",""coordinates"":[]}"
166,1994-11,418.7559824,95.85786376,0,301.1351359,297.1743652,288.2537421,"{""type"":""MultiPoint"",""coordinates"":[]}"
167,1994-12,983.0073137,199.725995,0,300.2209857,296.7824753,288.205849,"{""type"":""MultiPoint"",""coordinates"":[]}"
168,1995-01,584.0461998,115.5228033,0,300.5884423,296.3334664,287.8248151,"{""type"":""MultiPoint"",""coordinates"":[]}"
169,1995-02,363.7670112,62.08103069,0,300.9110485,296.5563405,287.8311651,"{""type"":""MultiPoint"",""coordinates"":[]}"
170,1995-03,396.8806038,80.74719654,0,301.4389782,297.3753609,289.2425631,"{""type"":""MultiPoint"",""coordinates"":[]}"
171,1995-04,453.9133377,62.56936957,0,302.5521169,298.7425842,290.7115407,"{""type"":""MultiPoint"",""coordinates"":[]}"
172,1995-05,452.5056658,163.9485386,14.60703158,301.7959082,298.9072637,290.9611441,"{""type"":""MultiPoint"",""coordinates"":[]}"
173,1995-06,728.9850588,225.307299,21.08337486,302.9626027,298.8400218,291.3825056,"{""type"":""MultiPoint"",""coordinates"":[]}"
174,1995-07,830.5385838,361.7739632,103.0905409,300.8622556,298.0789308,290.6524364,"{""type"":""MultiPoint"",""coordinates"":[]}"
175,1995-08,972.8487172,359.186927,79.59710598,300.5949519,298.1418144,290.7541657,"{""type"":""MultiPoint"",""coordinates"":[]}"
176,1995-09,900.8590584,380.706031,75.91945326,300.58067,297.9611328,290.6385992,"{""type"":""MultiPoint"",""coordinates"":[]}"
177,1995-10,752.0082569,316.1918105,57.33208513,300.6730072,297.773983,290.401179,"{""type"":""MultiPoint"",""coordinates"":[]}"
178,1995-11,955.4909563,293.4270955,13.6717751,300.4855908,297.4687928,289.6254346,"{""type"":""MultiPoint"",""coordinates"":[]}"
179,1995-12,1342.316147,394.8741529,0,299.9847041,296.2108506,287.3042317,"{""type"":""MultiPoint"",""coordinates"":[]}"
180,1996-01,846.9467716,222.4045613,0,299.38406,295.8514428,287.3673797,"{""type"":""MultiPoint"",""coordinates"":[]}"
181,1996-02,564.8555355,114.5569343,0,299.7189623,295.8753773,287.1788138,"{""type"":""MultiPoint"",""coordinates"":[]}"
182,1996-03,653.2697849,127.8028006,0,301.0109393,297.4126077,289.3409176,"{""type"":""MultiPoint"",""coordinates"":[]}"
183,1996-04,881.0269032,231.5206534,0,301.2520068,297.9823107,290.1031162,"{""type"":""MultiPoint"",""coordinates"":[]}"
184,1996-05,539.3800583,174.9576213,42.5908742,301.2306021,298.4826409,291.0967448,"{""type"":""MultiPoint"",""coordinates"":[]}"
185,1996-06,594.3862681,236.6688244,14.88989735,301.8242797,298.3870683,290.9641208,"{""type"":""MultiPoint"",""coordinates"":[]}"
186,1996-07,822.4829111,310.1697898,78.90907669,301.3313351,298.3061071,290.8599783,"{""type"":""MultiPoint"",""coordinates"":[]}"
187,1996-08,889.7112885,262.5981409,55.58756721,301.1092796,298.270843,290.7188199,"{""type"":""MultiPoint"",""coordinates"":[]}"
188,1996-09,925.7525988,308.8734596,79.72020006,300.7983367,298.1795335,290.7554575,"{""type"":""MultiPoint"",""coordinates"":[]}"
189,1996-10,807.1411705,296.2340531,52.8812685,300.7332953,297.9941051,290.4624515,"{""type"":""MultiPoint"",""coordinates"":[]}"
190,1996-11,1164.373831,359.5066512,8.808548927,300.5187775,297.3711871,289.5436555,"{""type"":""MultiPoint"",""coordinates"":[]}"
191,1996-12,922.7009993,189.6261671,0,300.0050816,296.1167912,287.0624809,"{""type"":""MultiPoint"",""coordinates"":[]}"
192,1997-01,762.0063753,132.993097,0,299.7671677,295.7499806,286.9270325,"{""type"":""MultiPoint"",""coordinates"":[]}"
193,1997-02,629.3645253,148.0056662,0,299.67112,296.2465169,287.8512609,"{""type"":""MultiPoint"",""coordinates"":[]}"
194,1997-03,614.2038956,124.2152011,0,300.4245133,296.7234168,288.5088809,"{""type"":""MultiPoint"",""coordinates"":[]}"
195,1997-04,278.8820553,69.74702042,0,302.0626441,298.3433769,290.0317549,"{""type"":""MultiPoint"",""coordinates"":[]}"
196,1997-05,712.3689671,197.7207673,19.32870841,301.8120881,298.7359453,290.8223551,"{""type"":""MultiPoint"",""coordinates"":[]}"
197,1997-06,689.2002907,178.6767366,13.78432941,301.8160377,298.4428208,290.5230201,"{""type"":""MultiPoint"",""coordinates"":[]}"
198,1997-07,1064.359551,347.0317309,22.95197201,300.7453478,297.9580408,290.6075554,"{""type"":""MultiPoint"",""coordinates"":[]}"
199,1997-08,1379.810757,268.268682,24.82664967,301.4392404,298.4085804,290.704784,"{""type"":""MultiPoint"",""coordinates"":[]}"
200,1997-09,884.6719074,241.9907086,43.05511093,300.6473494,297.9347553,290.4635061,"{""type"":""MultiPoint"",""coordinates"":[]}"
201,1997-10,934.2890968,230.9415945,30.39979076,301.0988974,297.9624824,290.0573068,"{""type"":""MultiPoint"",""coordinates"":[]}"
202,1997-11,502.9256783,147.6668857,0,301.062264,297.5007764,289.1258301,"{""type"":""MultiPoint"",""coordinates"":[]}"
203,1997-12,715.702383,113.5511138,0,301.5589176,297.0435974,288.0990853,"{""type"":""MultiPoint"",""coordinates"":[]}"
204,1998-01,228.8062754,47.72238319,0,301.6617434,297.1499853,288.4619314,"{""type"":""MultiPoint"",""coordinates"":[]}"
205,1998-02,143.5639141,29.5165096,0,302.1900776,297.7419779,289.461437,"{""type"":""MultiPoint"",""coordinates"":[]}"
206,1998-03,190.9196553,43.89219868,0,303.1778656,298.3881793,290.1869776,"{""type"":""MultiPoint"",""coordinates"":[]}"
207,1998-04,214.5257034,39.34614938,0,304.1939241,299.4855863,290.8058599,"{""type"":""MultiPoint"",""coordinates"":[]}"
208,1998-05,518.7063942,164.3707956,13.0861845,303.2165067,299.7427024,291.461196,"{""type"":""MultiPoint"",""coordinates"":[]}"
209,1998-06,524.2379379,167.2673557,35.31881142,302.8593666,299.0653382,291.6148299,"{""type"":""MultiPoint"",""coordinates"":[]}"
210,1998-07,516.373456,172.8258002,21.45487118,302.6329697,298.8445817,291.2969298,"{""type"":""MultiPoint"",""coordinates"":[]}"
211,1998-08,753.4340572,220.2949902,47.09314442,301.5533795,298.7047808,291.1894315,"{""type"":""MultiPoint"",""coordinates"":[]}"
212,1998-09,909.4696884,269.2808884,54.89339781,301.7062506,298.5239353,290.7861822,"{""type"":""MultiPoint"",""coordinates"":[]}"
213,1998-10,1164.328703,412.2047624,96.66732955,301.0062343,298.2540467,290.6650623,"{""type"":""MultiPoint"",""coordinates"":[]}"
214,1998-11,1149.047188,325.1798888,0,301.1467382,297.7861084,290.241595,"{""type"":""MultiPoint"",""coordinates"":[]}"
215,1998-12,1850.319172,404.0239879,0,300.5871237,297.2958712,289.233658,"{""type"":""MultiPoint"",""coordinates"":[]}"
216,1999-01,1207.814162,335.7556227,0,300.5185525,296.7438712,288.3692093,"{""type"":""MultiPoint"",""coordinates"":[]}"
217,1999-02,762.3349133,125.6789012,0,300.2644714,296.3665328,287.3750816,"{""type"":""MultiPoint"",""coordinates"":[]}"
218,1999-03,892.5597658,276.7410974,3.062545776,300.63267,297.5151703,289.593618,"{""type"":""MultiPoint"",""coordinates"":[]}"
219,1999-04,949.6136487,267.2534356,17.78620148,301.5462294,297.9751484,290.3608073,"{""type"":""MultiPoint"",""coordinates"":[]}"
220,1999-05,492.6904812,213.3405922,49.14423704,301.2324886,298.2056262,290.7530542,"{""type"":""MultiPoint"",""coordinates"":[]}"
221,1999-06,708.7357583,285.6979262,61.8961587,300.9006504,297.9675446,290.4227208,"{""type"":""MultiPoint"",""coordinates"":[]}"
222,1999-07,978.9308596,309.3312597,66.90075159,301.0721684,297.9051004,290.2385516,"{""type"":""MultiPoint"",""coordinates"":[]}"
223,1999-08,1409.504597,435.4064799,94.66631889,300.7618148,297.734901,290.2262386,"{""type"":""MultiPoint"",""coordinates"":[]}"
224,1999-09,1132.39658,330.152279,58.34444714,300.5470102,297.7702868,290.3135711,"{""type"":""MultiPoint"",""coordinates"":[]}"
225,1999-10,826.5550194,331.5854829,95.67145205,300.5377605,297.8099623,290.1376954,"{""type"":""MultiPoint"",""coordinates"":[]}"
226,1999-11,1088.066023,310.9716303,4.261759639,300.4110126,297.2279336,289.2934155,"{""type"":""MultiPoint"",""coordinates"":[]}"
227,1999-12,1270.9226,384.2508071,0,300.2951198,296.763375,288.3380413,"{""type"":""MultiPoint"",""coordinates"":[]}"
228,2000-01,907.2987328,166.2198877,0,300.0067842,296.4109325,287.5093542,"{""type"":""MultiPoint"",""coordinates"":[]}"
229,2000-02,1152.694092,240.0890772,0,299.7136651,296.5306436,288.6914342,"{""type"":""MultiPoint"",""coordinates"":[]}"
230,2000-03,1059.443894,264.7730813,0,300.6370368,297.2851572,289.3728425,"{""type"":""MultiPoint"",""coordinates"":[]}"
231,2000-04,499.1090622,157.701287,0,301.9758555,298.3434897,290.7807194,"{""type"":""MultiPoint"",""coordinates"":[]}"
232,2000-05,968.9450693,223.3091558,40.15301454,301.1060675,298.4603215,291.059245,"{""type"":""MultiPoint"",""coordinates"":[]}"
233,2000-06,680.3755741,265.4517084,18.8143121,301.1809026,298.1595287,290.6232447,"{""type"":""MultiPoint"",""coordinates"":[]}"
234,2000-07,1135.465631,338.5001249,62.07021332,300.6749266,297.8260995,290.2722205,"{""type"":""MultiPoint"",""coordinates"":[]}"
235,2000-08,971.3567886,290.3501892,77.77478623,300.7296687,297.9101022,290.2035877,"{""type"":""MultiPoint"",""coordinates"":[]}"
236,2000-09,752.0626507,246.4757794,57.12812138,300.95233,297.9539695,290.1482555,"{""type"":""MultiPoint"",""coordinates"":[]}"
237,2000-10,961.7385786,437.2971832,129.8502283,300.6926712,297.6974445,290.2067133,"{""type"":""MultiPoint"",""coordinates"":[]}"
238,2000-11,1523.194963,418.4137751,9.693982959,300.5523976,297.4828108,289.7039655,"{""type"":""MultiPoint"",""coordinates"":[]}"
239,2000-12,1187.40414,374.33029,8.21E-07,300.2266324,297.0092026,288.8947744,"{""type"":""MultiPoint"",""coordinates"":[]}"
240,2001-01,902.2774982,168.1236073,0,299.9226352,296.6352449,288.3868227,"{""type"":""MultiPoint"",""coordinates"":[]}"
241,2001-02,874.7939873,175.7067851,0,300.2731503,296.9073644,288.4947399,"{""type"":""MultiPoint"",""coordinates"":[]}"
242,2001-03,891.6255035,229.5843972,0,300.3660528,297.3340609,289.4278177,"{""type"":""MultiPoint"",""coordinates"":[]}"
243,2001-04,447.1405048,106.5686175,6.008599162,302.162353,298.6939512,291.0108719,"{""type"":""MultiPoint"",""coordinates"":[]}"
244,2001-05,828.9204063,233.3899227,52.0135479,301.9233895,298.691672,291.0136953,"{""type"":""MultiPoint"",""coordinates"":[]}"
245,2001-06,620.8683023,266.9395903,46.0017153,301.3407282,298.2845671,290.726785,"{""type"":""MultiPoint"",""coordinates"":[]}"
246,2001-07,1007.173307,338.0354423,55.18231368,300.8363731,297.9186692,290.3689645,"{""type"":""MultiPoint"",""coordinates"":[]}"
247,2001-08,1196.335466,315.0808023,78.56061935,300.7771566,298.0229503,290.6316041,"{""type"":""MultiPoint"",""coordinates"":[]}"
248,2001-09,749.7017727,227.608835,37.42639494,301.3715183,298.1924856,290.450666,"{""type"":""MultiPoint"",""coordinates"":[]}"
249,2001-10,773.5701742,244.4025041,9.457328796,301.1168224,297.9661608,290.331422,"{""type"":""MultiPoint"",""coordinates"":[]}"
250,2001-11,1047.443899,337.2365853,2.649600893,300.6981499,297.2030705,288.6701957,"{""type"":""MultiPoint"",""coordinates"":[]}"
251,2001-12,894.2670212,274.495204,3.71E-07,300.0749405,296.4433915,287.5506157,"{""type"":""MultiPoint"",""coordinates"":[]}"
252,2002-01,564.1439657,109.3984151,0,300.201876,296.1305308,287.2373578,"{""type"":""MultiPoint"",""coordinates"":[]}"
253,2002-02,619.106041,95.90882751,0,300.4884438,296.2192247,287.4194276,"{""type"":""MultiPoint"",""coordinates"":[]}"
254,2002-03,469.7632828,87.88869204,0,301.5028154,297.4274261,289.0646618,"{""type"":""MultiPoint"",""coordinates"":[]}"
255,2002-04,380.9277878,71.84280873,0,302.1753224,298.59878,290.3598493,"{""type"":""MultiPoint"",""coordinates"":[]}"
256,2002-05,496.5656395,179.8429051,31.21202183,302.1847057,298.9137858,291.1904915,"{""type"":""MultiPoint"",""coordinates"":[]}"
257,2002-06,699.1044655,236.0972239,43.64865208,302.13825,298.5625503,290.8132853,"{""type"":""MultiPoint"",""coordinates"":[]}"
258,2002-07,1723.734289,379.7567806,47.88426876,301.4161828,298.3668657,290.8202382,"{""type"":""MultiPoint"",""coordinates"":[]}"
259,2002-08,826.733089,288.9071197,32.96536875,300.8187151,297.9678235,290.4258876,"{""type"":""MultiPoint"",""coordinates"":[]}"
260,2002-09,827.5651855,273.1096009,66.31906581,300.4299469,297.796105,290.2968686,"{""type"":""MultiPoint"",""coordinates"":[]}"
261,2002-10,644.9448814,205.1289331,33.81295395,301.0686294,298.0199934,290.4535867,"{""type"":""MultiPoint"",""coordinates"":[]}"
262,2002-11,820.0974693,213.4844198,9.210921943,300.7836541,297.5677823,289.3302578,"{""type"":""MultiPoint"",""coordinates"":[]}"
263,2002-12,676.9539185,111.1931626,0,301.1234649,297.4218602,288.9173839,"{""type"":""MultiPoint"",""coordinates"":[]}"
264,2003-01,799.2717657,112.2505826,0,300.9117252,296.2425731,287.1075733,"{""type"":""MultiPoint"",""coordinates"":[]}"
265,2003-02,556.2331352,74.27615051,0,300.7449161,296.5476787,287.8664982,"{""type"":""MultiPoint"",""coordinates"":[]}"
266,2003-03,419.8944626,78.48474599,0,301.4219942,297.4510975,289.3268896,"{""type"":""MultiPoint"",""coordinates"":[]}"
267,2003-04,159.7521629,43.87642643,0,302.7380871,299.1436173,290.8518729,"{""type"":""MultiPoint"",""coordinates"":[]}"
268,2003-05,798.9817295,282.6294084,49.3553381,302.2392007,298.9515516,291.2784259,"{""type"":""MultiPoint"",""coordinates"":[]}"
269,2003-06,654.3669834,264.0384618,63.79750907,301.1652326,298.3191078,290.7824391,"{""type"":""MultiPoint"",""coordinates"":[]}"
270,2003-07,919.2384052,369.884499,39.60305548,301.4597085,298.1162102,290.4766881,"{""type"":""MultiPoint"",""coordinates"":[]}"
271,2003-08,1265.740768,335.7788419,45.60721326,301.0877495,298.1510194,290.6303376,"{""type"":""MultiPoint"",""coordinates"":[]}"
272,2003-09,722.3051872,305.7726474,90.56680751,300.8337579,297.8587955,290.419359,"{""type"":""MultiPoint"",""coordinates"":[]}"
273,2003-10,626.8188314,248.7946027,24.93000126,300.8266908,297.6464324,289.6894864,"{""type"":""MultiPoint"",""coordinates"":[]}"
274,2003-11,561.2120094,181.9933452,0,301.1501901,297.7723843,289.6247588,"{""type"":""MultiPoint"",""coordinates"":[]}"
275,2003-12,1129.921709,265.0592609,0,299.982241,296.1147098,287.0505899,"{""type"":""MultiPoint"",""coordinates"":[]}"
276,2004-01,641.5718937,82.05267588,0,300.6713947,296.5787561,287.8072813,"{""type"":""MultiPoint"",""coordinates"":[]}"
277,2004-02,665.1394987,139.9033321,0,300.4846439,296.7268409,288.3787935,"{""type"":""MultiPoint"",""coordinates"":[]}"
278,2004-03,458.475769,106.0305942,0,301.7357333,297.8829742,289.900586,"{""type"":""MultiPoint"",""coordinates"":[]}"
279,2004-04,231.5765266,65.60495713,0,302.6264856,298.9978697,290.8879982,"{""type"":""MultiPoint"",""coordinates"":[]}"
280,2004-05,824.4916573,261.6903004,59.69527566,302.0205003,298.7562845,291.1264101,"{""type"":""MultiPoint"",""coordinates"":[]}"
281,2004-06,1068.307492,334.6406896,71.00795686,300.7587638,298.1058185,290.7501646,"{""type"":""MultiPoint"",""coordinates"":[]}"
282,2004-07,709.7790937,264.1800928,40.76826167,300.5599,297.8770738,290.3662387,"{""type"":""MultiPoint"",""coordinates"":[]}"
283,2004-08,1514.366936,291.8859809,42.72320002,300.9267871,298.0214422,290.6784829,"{""type"":""MultiPoint"",""coordinates"":[]}"
284,2004-09,577.842452,170.0189466,49.82947159,300.6246795,298.0081039,290.2354054,"{""type"":""MultiPoint"",""coordinates"":[]}"
285,2004-10,634.9058599,197.3447702,0,300.9967221,297.3788598,289.2216018,"{""type"":""MultiPoint"",""coordinates"":[]}"
286,2004-11,939.1659546,237.9224814,0,301.4941597,297.641878,289.4656007,"{""type"":""MultiPoint"",""coordinates"":[]}"
287,2004-12,689.4146309,185.4481037,5.82E-07,301.084501,296.960116,288.1786211,"{""type"":""MultiPoint"",""coordinates"":[]}"
288,2005-01,593.0922966,89.8636071,0,300.4030476,296.127699,287.2892229,"{""type"":""MultiPoint"",""coordinates"":[]}"
289,2005-02,147.7163162,40.39931673,0,301.6008607,297.0544926,288.6725799,"{""type"":""MultiPoint"",""coordinates"":[]}"
290,2005-03,599.8171253,118.7618946,0,302.1660872,297.4824965,288.9224244,"{""type"":""MultiPoint"",""coordinates"":[]}"
291,2005-04,232.2300987,39.87439191,0,302.7901091,298.6491252,290.3819223,"{""type"":""MultiPoint"",""coordinates"":[]}"
292,2005-05,488.8164458,178.4876093,16.08942449,302.6559712,299.1367536,291.3706968,"{""type"":""MultiPoint"",""coordinates"":[]}"
293,2005-06,579.4355025,245.3202135,40.27698648,301.4417884,298.6598833,291.0680254,"{""type"":""MultiPoint"",""coordinates"":[]}"
294,2005-07,1010.511782,288.8430854,22.27499175,301.7720727,298.2855803,290.7224885,"{""type"":""MultiPoint"",""coordinates"":[]}"
295,2005-08,1048.732714,342.1230405,82.04354763,301.127255,298.1253481,290.5390756,"{""type"":""MultiPoint"",""coordinates"":[]}"
296,2005-09,827.0864315,373.3468946,76.63972044,300.8489589,298.0276789,290.4556565,"{""type"":""MultiPoint"",""coordinates"":[]}"
297,2005-10,860.307498,292.151689,86.13505602,300.9294144,297.8947093,290.2648925,"{""type"":""MultiPoint"",""coordinates"":[]}"
298,2005-11,753.0202522,218.8883979,3.14147675,300.7482656,297.6357671,289.7629167,"{""type"":""MultiPoint"",""coordinates"":[]}"
299,2005-12,1520.54026,470.5316142,0,300.1271007,296.4604724,288.090267,"{""type"":""MultiPoint"",""coordinates"":[]}"
300,2006-01,767.0806732,182.199781,0,300.3685028,296.7916764,288.4796707,"{""type"":""MultiPoint"",""coordinates"":[]}"
301,2006-02,549.9554729,105.010013,0,300.4073666,296.8684248,288.2041224,"{""type"":""MultiPoint"",""coordinates"":[]}"
302,2006-03,516.46982,168.5376917,0,300.8468974,297.5093104,289.2916796,"{""type"":""MultiPoint"",""coordinates"":[]}"
303,2006-04,404.4462681,90.30307712,0,302.363889,298.6658765,291.0144912,"{""type"":""MultiPoint"",""coordinates"":[]}"
304,2006-05,601.6566896,226.6751448,39.96315145,302.1206863,298.7360937,291.0828629,"{""type"":""MultiPoint"",""coordinates"":[]}"
305,2006-06,871.9027233,272.0471383,9.471178621,301.9893679,298.4504287,290.7708349,"{""type"":""MultiPoint"",""coordinates"":[]}"
306,2006-07,1048.117575,355.1880788,55.96690822,301.3130185,298.2704581,290.7107866,"{""type"":""MultiPoint"",""coordinates"":[]}"
307,2006-08,1017.174672,295.2610373,50.73906565,300.854461,297.9807616,290.4956504,"{""type"":""MultiPoint"",""coordinates"":[]}"
308,2006-09,728.0042086,275.1557202,70.05167985,300.5851182,297.8927641,290.343305,"{""type"":""MultiPoint"",""coordinates"":[]}"
309,2006-10,699.2015104,291.950215,68.35204053,300.4667902,297.5963025,289.9368764,"{""type"":""MultiPoint"",""coordinates"":[]}"
310,2006-11,537.9515905,171.7501965,2.36173147,301.0169102,297.8903993,289.7281026,"{""type"":""MultiPoint"",""coordinates"":[]}"
311,2006-12,974.6500168,266.8847744,4.00E-07,301.5197981,297.2832711,288.6289106,"{""type"":""MultiPoint"",""coordinates"":[]}"
312,2007-01,1018.815716,197.1604286,0,300.3060702,296.6827451,287.8971294,"{""type"":""MultiPoint"",""coordinates"":[]}"
313,2007-02,407.1884499,66.30721179,0,300.7399455,296.8514577,288.2795718,"{""type"":""MultiPoint"",""coordinates"":[]}"
314,2007-03,350.0026569,86.18640555,0,301.3559627,297.66912,289.6419826,"{""type"":""MultiPoint"",""coordinates"":[]}"
315,2007-04,413.817791,89.81135669,0,302.7819995,298.8641896,290.734563,"{""type"":""MultiPoint"",""coordinates"":[]}"
316,2007-05,565.2595549,219.1476963,51.38221359,302.1562491,298.9677929,291.2321978,"{""type"":""MultiPoint"",""coordinates"":[]}"
317,2007-06,592.7030125,233.273541,22.75379378,301.8610007,298.7927705,291.3238045,"{""type"":""MultiPoint"",""coordinates"":[]}"
318,2007-07,816.5692444,264.6173684,12.66916823,301.5667173,298.4586298,290.6516441,"{""type"":""MultiPoint"",""coordinates"":[]}"
319,2007-08,1169.008447,383.7442366,64.83697081,300.9092123,298.1235165,290.5322539,"{""type"":""MultiPoint"",""coordinates"":[]}"
320,2007-09,1116.049525,329.365566,92.14655137,301.0531909,298.0776314,290.6459887,"{""type"":""MultiPoint"",""coordinates"":[]}"
321,2007-10,1017.804547,300.4213647,55.21471739,300.8894406,297.7963122,290.1873578,"{""type"":""MultiPoint"",""coordinates"":[]}"
322,2007-11,1110.095413,438.9294199,7.787226439,300.0261264,297.149865,289.3218919,"{""type"":""MultiPoint"",""coordinates"":[]}"
323,2007-12,969.4986496,217.2286705,0,300.2558213,297.0164043,288.6694323,"{""type"":""MultiPoint"",""coordinates"":[]}"
324,2008-01,1032.304451,231.4828261,0,300.0834265,296.6498586,288.2235894,"{""type"":""MultiPoint"",""coordinates"":[]}"
325,2008-02,1511.2944,246.6843172,0,299.9717459,296.3454193,287.6241177,"{""type"":""MultiPoint"",""coordinates"":[]}"
326,2008-03,845.1872845,205.0560643,0,300.3269879,297.1795491,289.0292781,"{""type"":""MultiPoint"",""coordinates"":[]}"
327,2008-04,675.0532341,208.5434629,6.001319647,302.1188176,298.3013469,290.2707925,"{""type"":""MultiPoint"",""coordinates"":[]}"
328,2008-05,827.7770691,330.8106341,56.36792076,300.6554304,298.0250413,290.5843645,"{""type"":""MultiPoint"",""coordinates"":[]}"
329,2008-06,1103.071863,313.1228023,10.97365379,301.3248573,298.1976647,290.5126692,"{""type"":""MultiPoint"",""coordinates"":[]}"
330,2008-07,976.2983389,309.8703611,89.78078103,300.7571042,297.9766653,290.4100491,"{""type"":""MultiPoint"",""coordinates"":[]}"
331,2008-08,957.2597265,329.085619,73.67911422,300.755799,297.9243955,290.2467763,"{""type"":""MultiPoint"",""coordinates"":[]}"
332,2008-09,936.1494055,344.3163734,114.6716528,300.6215072,298.0082426,290.4549979,"{""type"":""MultiPoint"",""coordinates"":[]}"
333,2008-10,636.2073784,267.1447994,57.58509803,301.2904468,297.9879126,290.5853713,"{""type"":""MultiPoint"",""coordinates"":[]}"
334,2008-11,991.3873501,334.8149599,7.073722064,300.9516864,297.5540497,289.5478588,"{""type"":""MultiPoint"",""coordinates"":[]}"
335,2008-12,1055.218102,264.1737092,0,300.2990906,296.7512493,287.9108545,"{""type"":""MultiPoint"",""coordinates"":[]}"
336,2009-01,1070.273743,250.5482295,0,299.9219821,295.9707025,286.7577306,"{""type"":""MultiPoint"",""coordinates"":[]}"
337,2009-02,879.2565355,224.1327536,0,300.2931299,297.0195403,289.1223536,"{""type"":""MultiPoint"",""coordinates"":[]}"
338,2009-03,662.7947769,150.5890444,0,301.7085578,297.8801751,290.0944418,"{""type"":""MultiPoint"",""coordinates"":[]}"
339,2009-04,783.6954708,282.3119181,44.46912098,301.230842,298.2054014,290.2724191,"{""type"":""MultiPoint"",""coordinates"":[]}"
340,2009-05,1348.293629,336.2441573,26.98358536,300.8293823,298.1986411,290.4732783,"{""type"":""MultiPoint"",""coordinates"":[]}"
341,2009-06,982.6012201,318.1107356,42.7842536,301.021071,298.3109867,290.6294966,"{""type"":""MultiPoint"",""coordinates"":[]}"
342,2009-07,1105.916544,387.3423043,92.4367739,300.8562211,298.014624,290.5219506,"{""type"":""MultiPoint"",""coordinates"":[]}"
343,2009-08,1010.132231,254.9565042,37.24021482,301.304191,298.6141751,291.0706508,"{""type"":""MultiPoint"",""coordinates"":[]}"
344,2009-09,1293.558652,363.599236,58.17259002,301.3768702,298.2540801,290.8615571,"{""type"":""MultiPoint"",""coordinates"":[]}"
345,2009-10,1472.016861,349.2035963,67.17000866,301.3929064,297.8725911,290.0158378,"{""type"":""MultiPoint"",""coordinates"":[]}"
346,2009-11,705.7642431,218.3550401,0,300.9195398,297.6104266,289.516214,"{""type"":""MultiPoint"",""coordinates"":[]}"
347,2009-12,714.8221893,111.003273,0,301.0627095,296.6957864,287.6681651,"{""type"":""MultiPoint"",""coordinates"":[]}"
348,2010-01,812.9567909,175.9172475,0,300.3296053,296.562278,287.7771571,"{""type"":""MultiPoint"",""coordinates"":[]}"
349,2010-02,238.1504745,48.38104302,0,301.226894,297.418389,289.3337317,"{""type"":""MultiPoint"",""coordinates"":[]}"
350,2010-03,272.1470947,58.58159781,0,302.4187166,298.1707511,289.7624114,"{""type"":""MultiPoint"",""coordinates"":[]}"
351,2010-04,493.6947727,100.6853376,5.63505435,302.9650985,299.1643783,291.4394095,"{""type"":""MultiPoint"",""coordinates"":[]}"
352,2010-05,434.0570555,143.2261127,9.899013042,303.7111647,299.9291324,291.8604029,"{""type"":""MultiPoint"",""coordinates"":[]}"
353,2010-06,588.8299313,218.7362953,31.92824936,301.6603348,299.0822474,291.5904536,"{""type"":""MultiPoint"",""coordinates"":[]}"
354,2010-07,945.9329576,369.8615214,20.14027846,301.3091697,298.4064226,290.9640887,"{""type"":""MultiPoint"",""coordinates"":[]}"
355,2010-08,951.4015388,358.5027484,82.08469391,300.8549585,298.3133268,290.8317757,"{""type"":""MultiPoint"",""coordinates"":[]}"
356,2010-09,748.6960773,269.6741123,71.47623873,301.1007288,298.3400569,290.6658926,"{""type"":""MultiPoint"",""coordinates"":[]}"
357,2010-10,785.44558,342.7487429,74.30087066,300.9159306,298.0236376,290.4643518,"{""type"":""MultiPoint"",""coordinates"":[]}"
358,2010-11,1178.422918,322.3059457,10.89606398,300.604812,297.6125265,289.7694903,"{""type"":""MultiPoint"",""coordinates"":[]}"
359,2010-12,1190.311789,285.9711538,0,300.3686083,297.0402188,288.9015069,"{""type"":""MultiPoint"",""coordinates"":[]}"
360,2011-01,1298.321223,347.9259622,0,300.0382563,296.1567,287.3124446,"{""type"":""MultiPoint"",""coordinates"":[]}"
361,2011-02,1151.909332,209.4154951,0,299.8266259,296.400463,287.7855696,"{""type"":""MultiPoint"",""coordinates"":[]}"
362,2011-03,1767.329346,320.9020442,0,300.2648892,296.8421157,288.6679838,"{""type"":""MultiPoint"",""coordinates"":[]}"
363,2011-04,665.2839994,118.6003604,0,301.446642,297.6533026,289.7614288,"{""type"":""MultiPoint"",""coordinates"":[]}"
364,2011-05,799.4581375,330.2768176,92.28912854,301.7131548,298.4625599,291.027663,"{""type"":""MultiPoint"",""coordinates"":[]}"
365,2011-06,1190.509292,359.5525916,43.68345594,301.1064695,298.2325235,290.8955998,"{""type"":""MultiPoint"",""coordinates"":[]}"
366,2011-07,919.1667223,358.0045295,65.86934042,300.7924802,297.9700109,290.3449547,"{""type"":""MultiPoint"",""coordinates"":[]}"
367,2011-08,1222.501915,393.1942738,83.46683788,300.7919594,297.9689666,290.5076852,"{""type"":""MultiPoint"",""coordinates"":[]}"
368,2011-09,905.0640621,328.8007183,71.70360494,301.0300237,298.0347995,290.6844019,"{""type"":""MultiPoint"",""coordinates"":[]}"
369,2011-10,783.996912,300.120923,83.26509589,300.5422399,297.8122016,290.2515682,"{""type"":""MultiPoint"",""coordinates"":[]}"
370,2011-11,960.5194607,318.0493272,4.862351179,300.6949713,297.6448973,289.84065,"{""type"":""MultiPoint"",""coordinates"":[]}"
371,2011-12,1382.899933,421.0307842,1.05E-06,300.3897515,297.1053855,288.973854,"{""type"":""MultiPoint"",""coordinates"":[]}"
372,2012-01,844.7972679,195.705689,0,300.2037285,296.8388392,288.4361346,"{""type"":""MultiPoint"",""coordinates"":[]}"
373,2012-02,827.2628632,236.9430049,0,300.1374636,296.8742311,288.676237,"{""type"":""MultiPoint"",""coordinates"":[]}"
374,2012-03,852.5905495,231.3842135,0.693475425,300.9692662,297.3917559,289.2676428,"{""type"":""MultiPoint"",""coordinates"":[]}"
375,2012-04,713.008976,147.9900451,6.27417779,302.3797381,298.4371557,290.7869403,"{""type"":""MultiPoint"",""coordinates"":[]}"
376,2012-05,586.9976931,245.6847414,41.1532191,301.6430096,298.6620698,290.9330355,"{""type"":""MultiPoint"",""coordinates"":[]}"
377,2012-06,949.6747465,259.5077568,67.02416801,301.5162203,298.3964101,290.4827622,"{""type"":""MultiPoint"",""coordinates"":[]}"
378,2012-07,1304.863785,451.6787801,87.78726959,300.8196919,297.8899221,290.4285497,"{""type"":""MultiPoint"",""coordinates"":[]}"
379,2012-08,1824.036436,358.8616973,30.31075454,301.4489243,298.1988604,290.6440661,"{""type"":""MultiPoint"",""coordinates"":[]}"
380,2012-09,835.0196972,348.5074445,106.0889151,300.4111537,297.8220768,290.5466545,"{""type"":""MultiPoint"",""coordinates"":[]}"
381,2012-10,864.1091013,278.5719497,24.57931328,300.3967936,297.5443918,289.7496188,"{""type"":""MultiPoint"",""coordinates"":[]}"
382,2012-11,511.5963974,164.5714489,0,301.221832,297.8052738,289.7145295,"{""type"":""MultiPoint"",""coordinates"":[]}"
383,2012-12,763.0661917,224.4837067,9.22E-08,300.6322369,297.390418,289.0218774,"{""type"":""MultiPoint"",""coordinates"":[]}"
384,2013-01,1242.847713,260.670644,0,300.0311905,296.4473178,287.8235922,"{""type"":""MultiPoint"",""coordinates"":[]}"
385,2013-02,563.9248962,154.884343,0,300.5608871,297.1853541,289.1210939,"{""type"":""MultiPoint"",""coordinates"":[]}"
386,2013-03,535.1357856,119.2870707,0,301.4079561,297.8808733,289.6132784,"{""type"":""MultiPoint"",""coordinates"":[]}"
387,2013-04,509.9489365,126.1949309,0,303.3920208,299.0009295,291.1208565,"{""type"":""MultiPoint"",""coordinates"":[]}"
388,2013-05,513.1537323,193.9956415,55.78002095,302.3901931,299.0840237,291.2119258,"{""type"":""MultiPoint"",""coordinates"":[]}"
389,2013-06,813.5529928,316.5546575,23.73838723,302.001232,298.5798451,290.9901969,"{""type"":""MultiPoint"",""coordinates"":[]}"
390,2013-07,917.3101025,345.1652839,37.45874429,301.112315,297.9493759,290.5298428,"{""type"":""MultiPoint"",""coordinates"":[]}"
391,2013-08,1502.976933,448.7829662,90.6657083,300.9640721,297.9600812,290.3272667,"{""type"":""MultiPoint"",""coordinates"":[]}"
392,2013-09,1186.400921,329.5361479,61.6568017,301.0979549,298.0821519,290.7202992,"{""type"":""MultiPoint"",""coordinates"":[]}"
393,2013-10,950.6153955,265.8778414,58.50699425,300.3570452,297.5037595,289.9341332,"{""type"":""MultiPoint"",""coordinates"":[]}"
394,2013-11,889.7383499,324.7627832,3.997529149,300.8176932,297.3786074,289.3459104,"{""type"":""MultiPoint"",""coordinates"":[]}"
395,2013-12,1321.30751,227.0389232,0,300.5692226,297.1828302,288.8024767,"{""type"":""MultiPoint"",""coordinates"":[]}"
396,2014-01,1526.719769,260.5229896,0,299.6420928,295.4125179,286.1022454,"{""type"":""MultiPoint"",""coordinates"":[]}"
397,2014-02,307.8088331,64.34923033,0,300.2111314,296.3671819,287.9486308,"{""type"":""MultiPoint"",""coordinates"":[]}"
398,2014-03,894.7770882,164.9995275,0,300.7681642,297.2938404,289.089301,"{""type"":""MultiPoint"",""coordinates"":[]}"
399,2014-04,595.0993919,112.6599724,0,302.5809255,298.4826161,290.7018375,"{""type"":""MultiPoint"",""coordinates"":[]}"
400,2014-05,435.9465561,140.5765167,5.86436224,303.2625518,299.334469,291.5289749,"{""type"":""MultiPoint"",""coordinates"":[]}"
401,2014-06,893.9414806,255.0208168,36.24459004,302.4125256,298.945546,291.3526189,"{""type"":""MultiPoint"",""coordinates"":[]}"
402,2014-07,1320.300207,343.466348,66.79635382,301.2412094,298.2614353,290.7263693,"{""type"":""MultiPoint"",""coordinates"":[]}"
403,2014-08,846.0777817,272.3909141,71.33397079,300.9346968,298.2452543,290.6022823,"{""type"":""MultiPoint"",""coordinates"":[]}"
404,2014-09,953.7438469,365.5262017,83.59677672,300.9282252,298.0313618,290.4184975,"{""type"":""MultiPoint"",""coordinates"":[]}"
405,2014-10,792.3781986,283.9832975,24.08074772,300.5882219,297.7032907,290.0588174,"{""type"":""MultiPoint"",""coordinates"":[]}"
406,2014-11,607.1680365,190.2676937,0,300.8349046,297.5851639,289.4173726,"{""type"":""MultiPoint"",""coordinates"":[]}"
407,2014-12,1330.847855,327.4141662,0,300.6672569,297.0364148,288.7460093,"{""type"":""MultiPoint"",""coordinates"":[]}"
408,2015-01,987.3080215,173.0122642,0,300.3858663,296.1292418,287.300425,"{""type"":""MultiPoint"",""coordinates"":[]}"
409,2015-02,246.1213531,51.59318859,0,300.8229685,296.3180844,287.6972971,"{""type"":""MultiPoint"",""coordinates"":[]}"
410,2015-03,258.8634338,52.68761835,0,301.9487228,297.4884713,288.9394743,"{""type"":""MultiPoint"",""coordinates"":[]}"
411,2015-04,229.8273659,67.35580969,0,302.7871407,298.7827816,290.3521092,"{""type"":""MultiPoint"",""coordinates"":[]}"
412,2015-05,497.748291,103.2509493,9.102711916,302.7462874,299.3641339,291.2323556,"{""type"":""MultiPoint"",""coordinates"":[]}"
413,2015-06,624.4405155,225.0264403,4.409533024,302.6913438,298.8996248,290.9860568,"{""type"":""MultiPoint"",""coordinates"":[]}"
414,2015-07,1224.218982,279.1595613,46.66469216,301.2284557,298.3595941,290.8503501,"{""type"":""MultiPoint"",""coordinates"":[]}"
415,2015-08,948.1199903,273.0554604,52.24374151,301.311684,298.3352632,290.8873229,"{""type"":""MultiPoint"",""coordinates"":[]}"
416,2015-09,761.7506351,226.5407842,13.95209861,300.9639468,298.1785312,290.6819915,"{""type"":""MultiPoint"",""coordinates"":[]}"
417,2015-10,628.2675228,210.8735516,37.39024639,300.8450552,298.1800137,290.6085118,"{""type"":""MultiPoint"",""coordinates"":[]}"
418,2015-11,571.8962269,133.0569763,0,301.6196165,297.9582599,289.6258963,"{""type"":""MultiPoint"",""coordinates"":[]}"
419,2015-12,1568.648108,261.0678243,0,301.3801882,297.5345394,289.1010751,"{""type"":""MultiPoint"",""coordinates"":[]}"
420,2016-01,259.5560594,48.33572681,0,301.848057,297.3379823,288.9226222,"{""type"":""MultiPoint"",""coordinates"":[]}"
421,2016-02,192.9863968,43.30596189,0,302.5111288,297.1344638,288.1974558,"{""type"":""MultiPoint"",""coordinates"":[]}"
422,2016-03,494.2521553,40.73328694,0,303.5586609,298.4143592,289.9363438,"{""type"":""MultiPoint"",""coordinates"":[]}"
423,2016-04,172.8781419,49.66654991,0,303.7236193,299.738138,291.2629829,"{""type"":""MultiPoint"",""coordinates"":[]}"
424,2016-05,450.9132833,192.3386636,18.2831068,303.0361994,299.7134573,291.7481844,"{""type"":""MultiPoint"",""coordinates"":[]}"
425,2016-06,782.8580503,258.0780261,34.64137077,302.1790908,298.8863529,291.3918919,"{""type"":""MultiPoint"",""coordinates"":[]}"
426,2016-07,924.7506523,293.497715,68.7331953,301.5183041,298.6217814,291.052237,"{""type"":""MultiPoint"",""coordinates"":[]}"
427,2016-08,1348.56447,283.3208804,38.54372311,302.0044847,298.765293,291.2487723,"{""type"":""MultiPoint"",""coordinates"":[]}"
428,2016-09,850.2631664,288.1547424,96.02297974,301.0575583,298.4411971,291.0146628,"{""type"":""MultiPoint"",""coordinates"":[]}"
429,2016-10,1072.07122,421.7960073,144.6716492,300.6947571,298.1288345,290.8660965,"{""type"":""MultiPoint"",""coordinates"":[]}"
430,2016-11,918.5388756,317.4825241,0,301.1976077,297.7792227,289.8413388,"{""type"":""MultiPoint"",""coordinates"":[]}"
431,2016-12,1132.899633,275.2567566,0,300.8254289,297.4979805,289.5362693,"{""type"":""MultiPoint"",""coordinates"":[]}"
432,2017-01,1355.380945,312.9374715,0,300.3464072,296.6974292,288.1774173,"{""type"":""MultiPoint"",""coordinates"":[]}"
433,2017-02,729.264739,131.3206615,0,300.48458,296.4532123,287.6380078,"{""type"":""MultiPoint"",""coordinates"":[]}"
434,2017-03,799.0375071,179.1079459,0,300.8340793,297.3660115,289.291079,"{""type"":""MultiPoint"",""coordinates"":[]}"
435,2017-04,595.9348774,138.865892,0,302.371539,298.5287639,290.7147655,"{""type"":""MultiPoint"",""coordinates"":[]}"
436,2017-05,679.87012,266.5977027,53.04750037,302.6016089,299.0568926,291.4397227,"{""type"":""MultiPoint"",""coordinates"":[]}"
437,2017-06,1015.826037,229.0830016,9.839078069,301.9360558,298.8495739,291.1743208,"{""type"":""MultiPoint"",""coordinates"":[]}"
438,2017-07,895.0945606,368.3355657,73.30726588,301.4751543,298.3068831,290.8537272,"{""type"":""MultiPoint"",""coordinates"":[]}"
439,2017-08,1154.480481,307.2359309,83.17040992,301.3159057,298.4860657,291.0302612,"{""type"":""MultiPoint"",""coordinates"":[]}"
440,2017-09,932.9437561,323.6958625,95.69279051,301.3476557,298.5279643,290.9560595,"{""type"":""MultiPoint"",""coordinates"":[]}"
441,2017-10,826.166399,344.339543,54.79280603,300.8298735,298.0355604,290.6440142,"{""type"":""MultiPoint"",""coordinates"":[]}"
442,2017-11,1034.773611,302.7419508,6.991829336,301.226172,298.0022343,290.1736628,"{""type"":""MultiPoint"",""coordinates"":[]}"
443,2017-12,1389.645723,352.0071797,0,300.6570755,297.2806572,289.0015028,"{""type"":""MultiPoint"",""coordinates"":[]}"
444,2018-01,1286.582054,270.2391407,0,300.3543084,296.9318509,288.6238371,"{""type"":""MultiPoint"",""coordinates"":[]}"
445,2018-02,1085.376996,169.9508242,0,300.5828388,297.1490904,288.9077319,"{""type"":""MultiPoint"",""coordinates"":[]}"
446,2018-03,394.7275658,79.0639316,0,302.0665371,297.6141453,288.9947099,"{""type"":""MultiPoint"",""coordinates"":[]}"
447,2018-04,655.6683841,141.6870528,0,302.5885559,298.7077917,290.3449389,"{""type"":""MultiPoint"",""coordinates"":[]}"
448,2018-05,472.2887902,178.1652202,8.989089012,303.5947161,299.4602474,291.5990188,"{""type"":""MultiPoint"",""coordinates"":[]}"
449,2018-06,1095.855947,275.2229841,63.0793066,301.9516565,298.8736302,291.1299579,"{""type"":""MultiPoint"",""coordinates"":[]}"
450,2018-07,1164.93948,329.4198538,67.2089386,301.37592,298.3377203,290.9280926,"{""type"":""MultiPoint"",""coordinates"":[]}"
451,2018-08,1563.267092,314.7666112,53.64730167,301.9082721,298.4066157,290.5636951,"{""type"":""MultiPoint"",""coordinates"":[]}"
452,2018-09,816.1763964,299.5180903,66.14812469,301.2770272,298.1344604,290.6016474,"{""type"":""MultiPoint"",""coordinates"":[]}"
453,2018-10,411.1900282,165.6045249,38.66687822,301.3500844,298.2276811,290.3745063,"{""type"":""MultiPoint"",""coordinates"":[]}"
454,2018-11,663.7313662,158.2172016,0,301.1966853,297.9143943,289.7582386,"{""type"":""MultiPoint"",""coordinates"":[]}"
455,2018-12,1134.809454,268.1722717,0,301.57138,297.6159173,289.2425069,"{""type"":""MultiPoint"",""coordinates"":[]}"
456,2019-01,780.8895307,127.9832793,0,300.4631867,296.6549438,287.7364483,"{""type"":""MultiPoint"",""coordinates"":[]}"
457,2019-02,139.8846474,26.6616231,0,300.9243311,296.8088447,288.7003408,"{""type"":""MultiPoint"",""coordinates"":[]}"
458,2019-03,353.5701647,62.463402,0,301.5720683,298.036595,290.087352,"{""type"":""MultiPoint"",""coordinates"":[]}"
459,2019-04,275.2307682,74.98748178,1.440246644,303.3485259,299.3370593,291.3999528,"{""type"":""MultiPoint"",""coordinates"":[]}"
460,2019-05,717.4386778,184.5546765,16.4314723,302.2099333,299.408426,291.4345768,"{""type"":""MultiPoint"",""coordinates"":[]}"
461,2019-06,813.1620562,244.5058354,36.14259632,303.2761882,299.2569497,291.625567,"{""type"":""MultiPoint"",""coordinates"":[]}"
462,2019-07,845.8722229,298.4448288,56.98210923,301.630851,298.3782073,290.6866594,"{""type"":""MultiPoint"",""coordinates"":[]}"
463,2019-08,1254.78108,341.0997866,40.41411829,301.5344177,298.5984596,290.9403369,"{""type"":""MultiPoint"",""coordinates"":[]}"
464,2019-09,951.0411072,219.9480691,25.86912584,302.153088,298.5630203,290.9977603,"{""type"":""MultiPoint"",""coordinates"":[]}"
465,2019-10,600.8390808,205.3896486,27.4183197,301.4902154,298.1892325,290.2230389,"{""type"":""MultiPoint"",""coordinates"":[]}"
466,2019-11,1510.249271,255.0612834,11.33300978,301.7345647,297.9353985,289.9457083,"{""type"":""MultiPoint"",""coordinates"":[]}"
467,2019-12,784.9522076,231.7178845,6.55E-07,301.7094752,297.5086461,289.226523,"{""type"":""MultiPoint"",""coordinates"":[]}"
468,2020-01,413.3278027,90.15719433,0,301.7025087,297.2152184,288.5473849,"{""type"":""MultiPoint"",""coordinates"":[]}"
469,2020-02,339.1367073,61.51417516,0,302.6925277,296.9292774,287.8702649,"{""type"":""MultiPoint"",""coordinates"":[]}"
470,2020-03,348.4477081,75.34642663,0,302.8843857,298.3686617,290.4375007,"{""type"":""MultiPoint"",""coordinates"":[]}"
471,2020-04,297.5427532,67.18241497,0,304.1166824,299.3979198,291.1303705,"{""type"":""MultiPoint"",""coordinates"":[]}"
472,2020-05,504.3439255,177.3233171,12.18913125,303.4781068,299.8026184,292.1596398,"{""type"":""MultiPoint"",""coordinates"":[]}"
473,2020-06,801.2364454,262.1013658,3.73976092,303.1462333,298.9398384,291.1599241,"{""type"":""MultiPoint"",""coordinates"":[]}"
474,2020-07,790.8931732,278.3742276,63.12635715,302.0798199,298.635316,290.8742693,"{""type"":""MultiPoint"",""coordinates"":[]}"
475,2020-08,803.1984091,313.9086597,71.76186013,301.3938107,298.5282194,290.8083929,"{""type"":""MultiPoint"",""coordinates"":[]}"
476,2020-09,689.9638252,235.9858581,41.62409143,301.4683887,298.6387709,290.8334088,"{""type"":""MultiPoint"",""coordinates"":[]}"
477,2020-10,1453.513103,478.6686162,114.518141,301.1919854,297.9896593,290.6312102,"{""type"":""MultiPoint"",""coordinates"":[]}"
478,2020-11,1018.78336,342.8924245,12.06906247,300.8599418,297.8094385,289.8907659,"{""type"":""MultiPoint"",""coordinates"":[]}"
479,2020-12,1779.190914,398.8219985,0,300.6078546,297.5230458,289.7226637,"{""type"":""MultiPoint"",""coordinates"":[]}"
480,2021-01,1222.425301,280.1533448,0,300.2649261,296.6118024,288.2122259,"{""type"":""MultiPoint"",""coordinates"":[]}"
481,2021-02,832.9076643,202.7123628,0,300.2814466,296.8290572,288.5844397,"{""type"":""MultiPoint"",""coordinates"":[]}"
482,2021-03,614.6508236,165.7134406,0,301.181546,297.7436911,289.5667868,"{""type"":""MultiPoint"",""coordinates"":[]}"
483,2021-04,815.5111313,157.6581885,0,302.0620073,298.3157371,290.3844031,"{""type"":""MultiPoint"",""coordinates"":[]}"
484,2021-05,629.4279118,218.390096,0,303.9113611,299.3562046,291.2370289,"{""type"":""MultiPoint"",""coordinates"":[]}"
485,2021-06,810.9990811,233.504861,24.26847196,303.5507267,298.8623293,290.7532468,"{""type"":""MultiPoint"",""coordinates"":[]}"
486,2021-07,1381.390057,336.6856728,46.7099396,301.9906324,298.7814649,290.9139539,"{""type"":""MultiPoint"",""coordinates"":[]}"
487,2021-08,841.1684408,258.7151973,62.35810173,301.6079328,298.6157752,290.7528132,"{""type"":""MultiPoint"",""coordinates"":[]}"
488,2021-09,1015.614326,321.7547565,104.3807647,301.2052883,298.3471362,290.6288886,"{""type"":""MultiPoint"",""coordinates"":[]}"
489,2021-10,961.7198153,373.166123,94.45993066,301.2657014,298.1904928,290.4449478,"{""type"":""MultiPoint"",""coordinates"":[]}"
490,2021-11,758.1992741,244.8416783,0,301.7297953,298.1137673,290.4919671,"{""type"":""MultiPoint"",""coordinates"":[]}"
491,2021-12,1241.182297,315.0782026,0,300.8416684,296.9908337,288.1737495,"{""type"":""MultiPoint"",""coordinates"":[]}"
492,2022-01,532.3194895,130.4456317,0,300.6148662,296.7840154,288.0986741,"{""type"":""MultiPoint"",""coordinates"":[]}"
493,2022-02,701.3828125,156.4070628,0,300.7933557,297.1793413,288.9371923,"{""type"":""MultiPoint"",""coordinates"":[]}"
494,2022-03,780.0712557,202.3285838,0,302.1859135,298.1402174,290.3141871,"{""type"":""MultiPoint"",""coordinates"":[]}"
495,2022-04,1355.373844,320.4283216,5.749008417,302.2773624,298.1143694,290.3760034,"{""type"":""MultiPoint"",""coordinates"":[]}"
496,2022-05,688.6246099,280.2996979,90.96377647,302.178044,298.7527945,291.093482,"{""type"":""MultiPoint"",""coordinates"":[]}"
497,2022-06,697.4736652,233.528482,25.83823723,301.8319417,298.688875,290.8082573,"{""type"":""MultiPoint"",""coordinates"":[]}"
498,2022-07,735.1904955,312.4571734,51.79805052,301.8642517,298.5416983,290.7685223,"{""type"":""MultiPoint"",""coordinates"":[]}"
499,2022-08,1002.523154,364.8659549,74.10297346,301.1465521,298.2450066,290.6725123,"{""type"":""MultiPoint"",""coordinates"":[]}"
500,2022-09,830.2647471,243.1159602,52.85238236,301.3707797,298.4338836,290.6513461,"{""type"":""MultiPoint"",""coordinates"":[]}"
501,2022-10,1280.104537,441.8682949,103.5905628,301.1588746,298.2069751,290.5344731,"{""type"":""MultiPoint"",""coordinates"":[]}"
502,2022-11,598.8234005,221.5462714,0,301.3959496,298.0538073,290.1878143,"{""type"":""MultiPoint"",""coordinates"":[]}"
503,2022-12,1099.758128,315.2513432,0,300.6387811,297.1312087,288.5921792,"{""type"":""MultiPoint"",""coordinates"":[]}"
504,2023-01,1405.678585,362.5307136,0,300.1225722,296.5062586,288.0834336,"{""type"":""MultiPoint"",""coordinates"":[]}"
505,2023-02,800.4860439,186.7048395,0,300.3621758,296.9780265,288.6198924,"{""type"":""MultiPoint"",""coordinates"":[]}"
506,2023-03,558.1841164,103.4078108,0,301.3852831,297.4985978,289.0224297,"{""type"":""MultiPoint"",""coordinates"":[]}"
507,2023-04,503.2750397,132.2936821,0,302.5200117,298.7115911,290.8430993,"{""type"":""MultiPoint"",""coordinates"":[]}"
508,2023-05,584.7504139,219.8074372,24.482903,302.7955146,299.2349155,291.3136388,"{""type"":""MultiPoint"",""coordinates"":[]}"
509,2023-06,637.2001572,254.7885098,34.16574335,302.156633,298.8244534,291.0000955,"{""type"":""MultiPoint"",""coordinates"":[]}"
510,2023-07,1320.426394,380.7109362,72.13114214,301.7010535,298.6712025,290.9467272,"{""type"":""MultiPoint"",""coordinates"":[]}"
511,2023-08,913.7063675,286.1539672,36.00064611,302.2776838,298.8551992,290.8308592,"{""type"":""MultiPoint"",""coordinates"":[]}"
512,2023-09,930.1252623,295.5290519,88.08637166,301.8459276,298.6182944,290.8143602,"{""type"":""MultiPoint"",""coordinates"":[]}"
513,2023-10,731.0957727,234.6171992,24.96170568,301.3603672,298.5527621,290.8451648,"{""type"":""MultiPoint"",""coordinates"":[]}"
514,2023-11,920.2029982,231.0769151,0,301.7841179,298.1961344,290.0720573,"{""type"":""MultiPoint"",""coordinates"":[]}"
515,2023-12,831.4097333,174.025516,0,301.5766994,297.9746313,289.5949391,"{""type"":""MultiPoint"",""coordinates"":[]}"
516,2024-01,935.583353,131.7702189,0,301.2279392,297.1468016,288.021874,"{""type"":""MultiPoint"",""coordinates"":[]}"
517,2024-02,437.9173889,72.648237,0,301.1849142,297.5386545,289.3784981,"{""type"":""MultiPoint"",""coordinates"":[]}"
518,2024-03,301.281847,58.57826134,0,302.6726537,298.4061316,289.9988282,"{""type"":""MultiPoint"",""coordinates"":[]}"
519,2024-04,211.4165487,46.18740675,0,304.3241015,300.184093,292.1627951,"{""type"":""MultiPoint"",""coordinates"":[]}"
520,2024-05,499.6140118,167.1569523,24.71747237,304.005198,300.4000283,292.0501435,"{""type"":""MultiPoint"",""coordinates"":[]}"
521,2024-06,665.3568548,259.3083731,26.20994291,302.4593277,299.1918767,291.4270387,"{""type"":""MultiPoint"",""coordinates"":[]}"
522,2024-07,1136.526498,428.4128253,96.30659497,301.963141,298.6004437,290.9615029,"{""type"":""MultiPoint"",""coordinates"":[]}"
523,2024-08,1027.443262,273.9018546,31.14714626,301.9684903,298.9270849,291.2390322,"{""type"":""MultiPoint"",""coordinates"":[]}"
524,2024-09,1014.044634,385.6495206,58.58685435,301.5814363,298.6733538,291.1292092,"{""type"":""MultiPoint"",""coordinates"":[]}"
525,2024-10,1037.989672,367.0820537,72.27163553,301.3697082,298.513293,290.7930087,"{""type"":""MultiPoint"",""coordinates"":[]}"
526,2024-11,1324.663286,307.6351264,2.128020942,301.3583437,298.3305657,290.3272809,"{""type"":""MultiPoint"",""coordinates"":[]}"
527,2024-12,1215.378372,353.1943679,0,301.1516835,297.5727952,289.4476213,"{""type"":""MultiPoint"",""coordinates"":[]}"
528,2025-01,1222.019925,215.7857031,0,300.6441642,297.0426962,288.3960569,"{""type"":""MultiPoint"",""coordinates"":[]}"
529,2025-02,974.0204057,217.9634462,4.45E-09,300.7855011,297.0770904,288.6370433,"{""type"":""MultiPoint"",""coordinates"":[]}"
530,2025-03,937.9864845,185.7457437,0,301.8905863,297.9481012,289.8304988,"{""type"":""MultiPoint"",""coordinates"":[]}"
531,2025-04,500.1505995,115.0230417,0,303.5495103,299.1002264,291.4386433,"{""type"":""MultiPoint"",""coordinates"":[]}"
532,2025-05,644.7101707,286.3893585,76.39657044,303.1265569,299.1146257,291.3244237,"{""type"":""MultiPoint"",""coordinates"":[]}"
533,2025-06,766.298358,320.5860008,35.16321236,301.7694952,298.5621454,290.8098056,"{""type"":""MultiPoint"",""coordinates"":[]}"
534,2025-07,1616.028198,399.864594,59.89455795,301.7014205,298.7109535,290.9364387,"{""type"":""MultiPoint"",""coordinates"":[]}"
535,2025-08,958.2998533,352.823532,52.83731794,301.1185166,298.2149955,290.470948,"{""type"":""MultiPoint"",""coordinates"":[]}"
536,2025-09,1124.51277,400.9348058,68.52236032,300.8714188,298.1329689,290.6831918,"{""type"":""MultiPoint"",""coordinates"":[]}"
